{"cameraMode":{"drawMode":0,"name":"Shaded","section":"Shading Mode"},"sceneLighting":false,"audioPlay":false,"sceneViewState":{"showFog":true,"showMaterialUpdate":false,"showSkybox":true,"showFlares":true,"showImageEffects":true,"showParticleSystems":true},"in2DMode":false,"pivot":{"x":-4082.125244140625,"y":117.45417785644531,"z":-2792.121826171875},"rotation":{"x":-0.14654909074306489,"y":0.7151368260383606,"z":-0.15759140253067017,"w":-0.665032148361206},"size":17.597652435302736,"orthographic":true}