{"cameraMode":{"drawMode":0,"name":"Shaded","section":"Shading Mode"},"sceneLighting":false,"audioPlay":false,"sceneViewState":{"showFog":true,"showMaterialUpdate":false,"showSkybox":true,"showFlares":true,"showImageEffects":true,"showParticleSystems":true},"in2DMode":false,"pivot":{"x":-5624.4970703125,"y":523.4404296875,"z":-5605.087890625},"rotation":{"x":-0.2325088530778885,"y":-0.7277409434318543,"z":0.29481035470962527,"w":-0.5739509463310242},"size":1164.65478515625,"orthographic":true}