{"cameraMode":{"drawMode":0,"name":"Shaded","section":"Shading Mode"},"sceneLighting":false,"audioPlay":false,"sceneViewState":{"showFog":true,"showMaterialUpdate":false,"showSkybox":true,"showFlares":true,"showImageEffects":true,"showParticleSystems":true},"in2DMode":false,"pivot":{"x":-5664.9140625,"y":144.50888061523438,"z":-5487.0302734375},"rotation":{"x":-0.2325088530778885,"y":-0.7277409434318543,"z":0.29481035470962527,"w":-0.5739509463310242},"size":178.29275512695313,"orthographic":true}