{"cameraMode":{"drawMode":0,"name":"Shaded","section":"Shading Mode"},"sceneLighting":false,"audioPlay":false,"sceneViewState":{"showFog":true,"showMaterialUpdate":false,"showSkybox":true,"showFlares":true,"showImageEffects":true,"showParticleSystems":true},"in2DMode":false,"pivot":{"x":-1.1171875,"y":-0.5637679100036621,"z":-6.3025312423706059},"rotation":{"x":0.18079666793346406,"y":0.46540892124176028,"z":-0.09773965924978256,"w":0.8609030246734619},"size":26.57262420654297,"orthographic":true}