{"cameraMode":{"drawMode":0,"name":"Shaded","section":"Shading Mode"},"sceneLighting":false,"audioPlay":false,"sceneViewState":{"showFog":true,"showMaterialUpdate":false,"showSkybox":true,"showFlares":true,"showImageEffects":true,"showParticleSystems":true},"in2DMode":false,"pivot":{"x":-2120.5048828125,"y":324.79998779296877,"z":-3806.675537109375},"rotation":{"x":-0.2325088530778885,"y":-0.7277409434318543,"z":0.29481035470962527,"w":-0.5739509463310242},"size":868.285400390625,"orthographic":true}