{"cameraMode":{"drawMode":0,"name":"Shaded","section":"Shading Mode"},"sceneLighting":false,"audioPlay":false,"sceneViewState":{"showFog":true,"showMaterialUpdate":false,"showSkybox":true,"showFlares":true,"showImageEffects":true,"showParticleSystems":true},"in2DMode":false,"pivot":{"x":-4058.215576171875,"y":117.5182113647461,"z":-2766.51953125},"rotation":{"x":-0.026630427688360215,"y":0.9112579226493836,"z":-0.05967969819903374,"w":-0.4066180884838104},"size":11.283008575439454,"orthographic":true}