{"cameraMode":{"drawMode":0,"name":"Shaded","section":"Shading Mode"},"sceneLighting":false,"audioPlay":false,"sceneViewState":{"showFog":true,"showMaterialUpdate":false,"showSkybox":true,"showFlares":true,"showImageEffects":true,"showParticleSystems":true},"in2DMode":false,"pivot":{"x":-3874.501220703125,"y":139.27703857421876,"z":-2943.181640625},"rotation":{"x":-0.008578361943364144,"y":-0.9907180070877075,"z":0.07533767819404602,"w":-0.11281998455524445},"size":17.46989631652832,"orthographic":true}