{"cameraMode":{"drawMode":0,"name":"Shaded","section":"Shading Mode"},"sceneLighting":false,"audioPlay":false,"sceneViewState":{"showFog":true,"showMaterialUpdate":false,"showSkybox":true,"showFlares":true,"showImageEffects":true,"showParticleSystems":true},"in2DMode":false,"pivot":{"x":-3887.892333984375,"y":132.21200561523438,"z":-2929.422119140625},"rotation":{"x":0.41735291481018069,"y":0.5807191729545593,"z":-0.5243136882781982,"w":0.46225202083587649},"size":5.901608943939209,"orthographic":true}