{"cameraMode":{"drawMode":0,"name":"Shaded","section":"Shading Mode"},"sceneLighting":false,"audioPlay":false,"sceneViewState":{"showFog":true,"showMaterialUpdate":false,"showSkybox":true,"showFlares":true,"showImageEffects":true,"showParticleSystems":true},"in2DMode":false,"pivot":{"x":-3988.245361328125,"y":1145.4979248046875,"z":-3901.286865234375},"rotation":{"x":0.27273064851760867,"y":-0.2175459861755371,"z":0.06345466524362564,"w":0.9350215196609497},"size":9524.1318359375,"orthographic":false}