{"cameraMode":{"drawMode":0,"name":"Shaded","section":"Shading Mode"},"sceneLighting":false,"audioPlay":false,"sceneViewState":{"showFog":true,"showMaterialUpdate":false,"showSkybox":true,"showFlares":true,"showImageEffects":true,"showParticleSystems":true},"in2DMode":false,"pivot":{"x":-5646.15576171875,"y":144.8000030517578,"z":-5591.0947265625},"rotation":{"x":-0.2325088530778885,"y":-0.7277409434318543,"z":0.29481035470962527,"w":-0.5739509463310242},"size":180.92723083496095,"orthographic":true}