{"cameraMode":{"drawMode":0,"name":"Shaded","section":"Shading Mode"},"sceneLighting":false,"audioPlay":false,"sceneViewState":{"showFog":true,"showMaterialUpdate":false,"showSkybox":true,"showFlares":true,"showImageEffects":true,"showParticleSystems":true},"in2DMode":false,"pivot":{"x":-3894.893310546875,"y":147.91165161132813,"z":-2945.68994140625},"rotation":{"x":0.044730860739946368,"y":-0.7121865749359131,"z":0.04556824266910553,"w":0.6990801095962524},"size":31.948047637939454,"orthographic":true}