{"cameraMode":{"drawMode":0,"name":"Shaded","section":"Shading Mode"},"sceneLighting":false,"audioPlay":false,"sceneViewState":{"showFog":true,"showMaterialUpdate":false,"showSkybox":true,"showFlares":true,"showImageEffects":true,"showParticleSystems":true},"in2DMode":false,"pivot":{"x":-4058.215576171875,"y":117.5182113647461,"z":-2766.51953125},"rotation":{"x":-0.020876741036772729,"y":0.9782288670539856,"z":-0.1233152449131012,"w":-0.1656074821949005},"size":291.53045654296877,"orthographic":true}