{"cameraMode":{"drawMode":0,"name":"Shaded","section":"Shading Mode"},"sceneLighting":false,"audioPlay":false,"sceneViewState":{"showFog":true,"showMaterialUpdate":false,"showSkybox":true,"showFlares":true,"showImageEffects":true,"showParticleSystems":true},"in2DMode":false,"pivot":{"x":-4095.62109375,"y":118.36534881591797,"z":-2794.164306640625},"rotation":{"x":0.03423570841550827,"y":0.9613016247749329,"z":-0.2346334606409073,"w":0.14026527106761933},"size":35.53762435913086,"orthographic":true}