{"cameraMode":{"drawMode":0,"name":"Shaded","section":"Shading Mode"},"sceneLighting":false,"audioPlay":false,"sceneViewState":{"showFog":true,"showMaterialUpdate":false,"showSkybox":true,"showFlares":true,"showImageEffects":true,"showParticleSystems":true},"in2DMode":false,"pivot":{"x":-3888.764892578125,"y":146.31304931640626,"z":-2922.3662109375},"rotation":{"x":0.07049816846847534,"y":0.8976945281028748,"z":-0.15584948658943177,"w":0.40606099367141726},"size":30.35430335998535,"orthographic":true}