{"cameraMode":{"drawMode":0,"name":"Shaded","section":"Shading Mode"},"sceneLighting":false,"audioPlay":false,"sceneViewState":{"showFog":true,"showMaterialUpdate":false,"showSkybox":true,"showFlares":true,"showImageEffects":true,"showParticleSystems":true},"in2DMode":false,"pivot":{"x":-2634.441650390625,"y":124.50950622558594,"z":-2892.970947265625},"rotation":{"x":0.08072706311941147,"y":0.8871634006500244,"z":-0.4213477373123169,"w":0.1699715256690979},"size":42.86259841918945,"orthographic":true}