{"cameraMode":{"drawMode":0,"name":"Shaded","section":"Shading Mode"},"sceneLighting":false,"audioPlay":false,"sceneViewState":{"showFog":true,"showMaterialUpdate":false,"showSkybox":true,"showFlares":true,"showImageEffects":true,"showParticleSystems":true},"in2DMode":false,"pivot":{"x":-5759.89990234375,"y":271.48956298828127,"z":-5623.01953125},"rotation":{"x":-0.2325088530778885,"y":-0.7277409434318543,"z":0.29481035470962527,"w":-0.5739509463310242},"size":526.671630859375,"orthographic":true}