{"cameraMode":{"drawMode":0,"name":"Shaded","section":"Shading Mode"},"sceneLighting":false,"audioPlay":false,"sceneViewState":{"showFog":true,"showMaterialUpdate":false,"showSkybox":true,"showFlares":true,"showImageEffects":true,"showParticleSystems":true},"in2DMode":false,"pivot":{"x":-4057.25390625,"y":120.40033721923828,"z":-2767.7958984375},"rotation":{"x":0.08460522443056107,"y":0.2657019793987274,"z":-0.02341371588408947,"w":0.9600501656532288},"size":17.400650024414064,"orthographic":true}