{"cameraMode":{"drawMode":0,"name":"Shaded","section":"Shading Mode"},"sceneLighting":false,"audioPlay":false,"sceneViewState":{"showFog":true,"showMaterialUpdate":false,"showSkybox":true,"showFlares":true,"showImageEffects":true,"showParticleSystems":true},"in2DMode":false,"pivot":{"x":-4113.01953125,"y":121.72396850585938,"z":-2810.2470703125},"rotation":{"x":0.03423570841550827,"y":0.9613016247749329,"z":-0.2346334606409073,"w":0.14026527106761933},"size":44.281646728515628,"orthographic":true}