{"cameraMode":{"drawMode":0,"name":"Shaded","section":"Shading Mode"},"sceneLighting":false,"audioPlay":false,"sceneViewState":{"showFog":true,"showMaterialUpdate":false,"showSkybox":true,"showFlares":true,"showImageEffects":true,"showParticleSystems":true},"in2DMode":false,"pivot":{"x":-5615.7001953125,"y":137.46112060546876,"z":-5601.5615234375},"rotation":{"x":0.01943201757967472,"y":-0.9628181457519531,"z":0.2596364915370941,"w":0.07205953449010849},"size":155.3287353515625,"orthographic":true}