{"cameraMode":{"drawMode":0,"name":"Shaded","section":"Shading Mode"},"sceneLighting":false,"audioPlay":false,"sceneViewState":{"showFog":true,"showMaterialUpdate":false,"showSkybox":true,"showFlares":true,"showImageEffects":true,"showParticleSystems":true},"in2DMode":false,"pivot":{"x":-4060.0537109375,"y":115.89006805419922,"z":-2764.009521484375},"rotation":{"x":0.1916157305240631,"y":0.7702912092208862,"z":-0.2710937261581421,"w":0.5444658994674683},"size":20.56342887878418,"orthographic":true}