{"cameraMode":{"drawMode":0,"name":"Shaded","section":"Shading Mode"},"sceneLighting":false,"audioPlay":false,"sceneViewState":{"showFog":true,"showMaterialUpdate":false,"showSkybox":true,"showFlares":true,"showImageEffects":true,"showParticleSystems":true},"in2DMode":false,"pivot":{"x":-3894.895751953125,"y":135.89012145996095,"z":-2552.69580078125},"rotation":{"x":0.030890092253684999,"y":0.9441037774085999,"z":-0.31485623121261599,"w":0.09262563288211823},"size":22.0,"orthographic":true}