{"cameraMode":{"drawMode":0,"name":"Shaded","section":"Shading Mode"},"sceneLighting":false,"audioPlay":false,"sceneViewState":{"showFog":true,"showMaterialUpdate":false,"showSkybox":true,"showFlares":true,"showImageEffects":true,"showParticleSystems":true},"in2DMode":false,"pivot":{"x":-3934.170166015625,"y":144.59169006347657,"z":-2951.51220703125},"rotation":{"x":0.1080242171883583,"y":0.3929395079612732,"z":-0.046543173491954806,"w":0.9120104312896729},"size":60.811927795410159,"orthographic":true}