{"cameraMode":{"drawMode":0,"name":"Shaded","section":"Shading Mode"},"sceneLighting":false,"audioPlay":false,"sceneViewState":{"showFog":true,"showMaterialUpdate":false,"showSkybox":true,"showFlares":true,"showImageEffects":true,"showParticleSystems":true},"in2DMode":false,"pivot":{"x":-2.40234375,"y":-2.19580078125,"z":-9.892051696777344},"rotation":{"x":-0.12870828807353974,"y":0.496643602848053,"z":-0.07475528120994568,"w":-0.8550969958305359},"size":21.832080841064454,"orthographic":true}