{"cameraMode":{"drawMode":0,"name":"Shaded","section":"Shading Mode"},"sceneLighting":false,"audioPlay":false,"sceneViewState":{"showFog":true,"showMaterialUpdate":false,"showSkybox":true,"showFlares":true,"showImageEffects":true,"showParticleSystems":true},"in2DMode":false,"pivot":{"x":-2.40234375,"y":-2.19580078125,"z":-9.892051696777344},"rotation":{"x":-0.12870830297470094,"y":0.49664363265037539,"z":-0.07475528866052628,"w":-0.8550970554351807},"size":21.832080841064454,"orthographic":true}