{"cameraMode":{"drawMode":0,"name":"Shaded","section":"Shading Mode"},"sceneLighting":false,"audioPlay":false,"sceneViewState":{"showFog":true,"showMaterialUpdate":false,"showSkybox":true,"showFlares":true,"showImageEffects":true,"showParticleSystems":true},"in2DMode":false,"pivot":{"x":-0.7045950889587402,"y":-0.7019224166870117,"z":-14.88461685180664},"rotation":{"x":0.025342745706439019,"y":-0.4570622146129608,"z":0.013029801659286023,"w":0.8889781832695007},"size":27.096467971801759,"orthographic":true}