{"cameraMode":{"drawMode":0,"name":"Shaded","section":"Shading Mode"},"sceneLighting":false,"audioPlay":false,"sceneViewState":{"showFog":true,"showMaterialUpdate":false,"showSkybox":true,"showFlares":true,"showImageEffects":true,"showParticleSystems":true},"in2DMode":false,"pivot":{"x":-4057.25390625,"y":120.40033721923828,"z":-2767.7958984375},"rotation":{"x":0.07965945452451706,"y":0.4612351357936859,"z":-0.041623711585998538,"w":0.8827139735221863},"size":15.187430381774903,"orthographic":true}