{"cameraMode":{"drawMode":0,"name":"Shaded","section":"Shading Mode"},"sceneLighting":false,"audioPlay":false,"sceneViewState":{"showFog":true,"showMaterialUpdate":false,"showSkybox":true,"showFlares":true,"showImageEffects":true,"showParticleSystems":true},"in2DMode":false,"pivot":{"x":-3888.715576171875,"y":133.5229949951172,"z":-2922.34375},"rotation":{"x":0.01824485883116722,"y":0.9522344470024109,"z":-0.05806048959493637,"w":0.2992418706417084},"size":23.090627670288087,"orthographic":true}