{"cameraMode":{"drawMode":0,"name":"Shaded","section":"Shading Mode"},"sceneLighting":false,"audioPlay":false,"sceneViewState":{"showFog":true,"showMaterialUpdate":false,"showSkybox":true,"showFlares":true,"showImageEffects":true,"showParticleSystems":true},"in2DMode":false,"pivot":{"x":-2634.441650390625,"y":124.50950622558594,"z":-2892.970947265625},"rotation":{"x":-0.017196927219629289,"y":0.9827859997749329,"z":-0.13288536667823792,"w":-0.12719108164310456},"size":29.535533905029298,"orthographic":true}